{"cameraMode":{"drawMode":0,"name":"Shaded","section":"Shading Mode"},"sceneLighting":true,"audioPlay":false,"sceneViewState":{"m_AlwaysRefresh":false,"showFog":true,"showSkybox":true,"showFlares":true,"showImageEffects":true,"showParticleSystems":true,"showVisualEffectGraphs":true,"m_FxEnabled":true},"in2DMode":false,"pivot":{"x":0.03745012357831001,"y":-16.75396156311035,"z":1.0242841243743897},"rotation":{"x":-0.6614947319030762,"y":-0.002177416579797864,"z":0.0019200397655367852,"w":-0.749950647354126},"size":13.616010665893555,"orthographic":false}